Shriyanshagro 538Hyderabad ,Telangana
Shriyanshagro 538Hyderabad ,Telangana
oberstet 2739Germany
Shriyanshagro 538Hyderabad ,Telangana
oberstet 2739Germany
sjenning 1478Austin, TX
Shriyanshagro 538Hyderabad ,Telangana
oberstet 2739Germany
sjenning 1478Austin, TX
chrislovecnm 2609Denver
Shriyanshagro 538Hyderabad ,Telangana
oberstet 2739Germany
sjenning 1478Austin, TX
chrislovecnm 2609Denver
Christilut 233Netherlands
Shriyanshagro 538Hyderabad ,Telangana
oberstet 2739Germany
sjenning 1478Austin, TX
chrislovecnm 2609Denver
Christilut 233Netherlands
Shriyanshagro 538Hyderabad ,Telangana
oberstet 2739Germany
sjenning 1478Austin, TX
chrislovecnm 2609Denver
Christilut 233Netherlands
Shriyanshagro 538Hyderabad ,Telangana
oberstet 2739Germany
sjenning 1478Austin, TX
chrislovecnm 2609Denver
Christilut 233Netherlands
Shriyanshagro 538Hyderabad ,Telangana
oberstet 2739Germany
sjenning 1478Austin, TX
chrislovecnm 2609Denver
Christilut 233Netherlands
